name,rating,reviews,img,lat,lng,map_link
天光 Thinn-Kng ｜深夜咖啡廳｜全預約制,"4.0
(4)",541,https://lh3.googleusercontent.com/gps-cs-s/AC9h4npu9b-UPn3z1WU2l3d0ZqvvN00kKwe9V0naYYMFhNF47ogdSG63wDgQqw_JOoR0HaQFSJG8_Lq0H9KBIU0XYPkv2g87CdnlYLJaXQrdYPzZND1fz7x6S5iJB5PoF-aXkvNxNwWmGg=w408-h385-k-no,23.8867444,115.7002064,"https://www.google.com/maps/place/%E5%A4%A9%E5%85%89+Thinn-Kng+%EF%BD%9C%E6%B7%B1%E5%A4%9C%E5%92%96%E5%95%A1%E5%BB%B3%EF%BD%9C%E5%85%A8%E9%A0%90%E7%B4%84%E5%88%B6/@23.8867444,115.7002064,6z/data=!4m10!1m3!11m2!2sgG_1LwZ8Se2fYnqCun_QKw!3e3!3m5!1s0x3442a9a0b099fba9:0x5f7170b0524e8a68!8m2!3d25.0147634!4d121.5266442!16s%2Fg%2F11wmhk_bt3?entry=ttu&g_ep=EgoyMDI1MDYwNC4wIKXMDSoASAFQAw%3D%3D"
Leisure Cafe,"4.5
(450)",7,https://lh3.googleusercontent.com/gps-cs-s/AC9h4np0eS1jjn7-xjpIXIfo2HdR6Q-7woQQM_W6vWDo6A1Lso24DUMbcBFO0kO7K8I3rzNTE11zh9vPxC-EnY2OWLrAAyN2SklKFq5LGKiSotUxRD6NXcOl8p4Xq3vfH_7aZ6x1drU=w408-h305-k-no,23.8867444,115.7002064,"https://www.google.com/maps/place/Leisure+Cafe/@23.8867444,115.7002064,6z/data=!4m10!1m3!11m2!2sgG_1LwZ8Se2fYnqCun_QKw!3e3!3m5!1s0x3442abe96d3aace1:0x2eb866ba60142546!8m2!3d25.0538049!4d121.55267!16s%2Fg%2F1hc2nfx_1?entry=ttu&g_ep=EgoyMDI1MDYwNC4wIKXMDSoASAFQAw%3D%3D"
Dreamers Coffee Roasters 內湖店,"4.7
(1,468)",940,https://lh3.googleusercontent.com/p/AF1QipM9iiPcxgG0zpzulBbB22LBBla9V48O8aNyKvrW=w426-h240-k-no,23.8867444,115.7002064,"https://www.google.com/maps/place/Dreamers+Coffee+Roasters+%E5%85%A7%E6%B9%96%E5%BA%97/@23.8867444,115.7002064,6z/data=!3m1!5s0x3442ac7bb802a967:0xd0ead0ec704bd0f6!4m10!1m3!11m2!2sgG_1LwZ8Se2fYnqCun_QKw!3e3!3m5!1s0x3442adc868847041:0x16acacb1de7323b2!8m2!3d25.0800525!4d121.5688593!16s%2Fg%2F11mndhdwcz?entry=ttu&g_ep=EgoyMDI1MDYwNC4wIKXMDSoASAFQAw%3D%3D"
Daychill Specialty Coffee Co.,"4.8
(434)","1,271",https://lh3.googleusercontent.com/p/AF1QipMKS_KP--qoB98Qh-SPSQzzoFoZXyi9LTVxzjNw=w408-h306-k-no,23.8867444,115.7002064,"https://www.google.com/maps/place/Daychill+Specialty+Coffee+Co./@23.8867444,115.7002064,6z/data=!4m10!1m3!11m2!2sgG_1LwZ8Se2fYnqCun_QKw!3e3!3m5!1s0x3442ab2afbe7cbdf:0x2d4e0e1330155ce6!8m2!3d25.0519154!4d121.5591224!16s%2Fg%2F11r0w7vdpv?entry=ttu&g_ep=EgoyMDI1MDYwNC4wIKXMDSoASAFQAw%3D%3D"
A N G L E,"4.5
(786)",382,https://lh3.googleusercontent.com/gps-cs-s/AC9h4nrX-T0_Ez1wJFj5zRflGArHfrVUOwwVMwKQ-2_HSWsGtr-boM0lnTXKd-xvn2uVu_Nzk4EfsU2Fo3tg00WhESz7mV2953TNHa-jOTHZcrPj5g_Cb4YUqqk5mvd1FuRb-xMperpbdg=w408-h544-k-no,23.8867444,115.7002064,"https://www.google.com/maps/place/A+N+G+L+E/@23.8867444,115.7002064,6z/data=!4m10!1m3!11m2!2sgG_1LwZ8Se2fYnqCun_QKw!3e3!3m5!1s0x3442aa2bb82dc639:0x86bb0f2c740a2252!8m2!3d25.0281566!4d121.5406744!16s%2Fg%2F11gz7hy9n?entry=ttu&g_ep=EgoyMDI1MDYwNC4wIKXMDSoASAFQAw%3D%3D"
咖啡實驗室,"4.5
(712)","5,116",https://lh3.googleusercontent.com/p/AF1QipNCZosGPKrPMBwUqk9iWu56itSHpEqorTgEUT0_=w426-h240-k-no,23.8867444,115.7002064,"https://www.google.com/maps/place/%E5%92%96%E5%95%A1%E5%AF%A6%E9%A9%97%E5%AE%A4/@23.8867444,115.7002064,6z/data=!4m10!1m3!11m2!2sgG_1LwZ8Se2fYnqCun_QKw!3e3!3m5!1s0x3442a97b019f75d7:0xcfcf7466f793213d!8m2!3d25.0429973!4d121.5286123!16s%2Fg%2F1tdk_7xh?entry=ttu&g_ep=EgoyMDI1MDYwNC4wIKXMDSoASAFQAw%3D%3D"
Dreamers Coffee Roasters 微風復興店,"4.4
(386)",940,https://lh3.googleusercontent.com/gps-cs-s/AC9h4np43KocuD1d3iC3Fhc2e8M8c-AbX33SEOkp2dk-_PeKU_I0lzBw6VkCdJ2eMZkPEib98O84fEAi9crH-uzpxPFRH7hULFdkNvcPI4Vvf4ukCuQOEg9cJ9n3kTmmN44A1KA-F1WGw7hS0g2n=w408-h408-k-no,23.8867444,115.7002064,"https://www.google.com/maps/place/Dreamers+Coffee+Roasters+%E5%BE%AE%E9%A2%A8%E5%BE%A9%E8%88%88%E5%BA%97/@23.8867444,115.7002064,6z/data=!4m10!1m3!11m2!2sgG_1LwZ8Se2fYnqCun_QKw!3e3!3m5!1s0x3442abf1f3ee4ff9:0x16843bcb29fc51f7!8m2!3d25.0455726!4d121.5441026!16s%2Fg%2F11rsb3h32x?entry=ttu&g_ep=EgoyMDI1MDYwNC4wIKXMDSoASAFQAw%3D%3D"
Cactus Cafe 不限時插座免服務費咖啡廳｜六日限定早午餐｜花藝,"4.9
(222)",620,https://lh3.googleusercontent.com/p/AF1QipOGigG5zYl3utMmSdYehjIrk6BknEBkGcHgokII=w408-h272-k-no,23.8867444,115.7002064,"https://www.google.com/maps/place/Cactus+Cafe+%E4%B8%8D%E9%99%90%E6%99%82%E6%8F%92%E5%BA%A7%E5%85%8D%E6%9C%8D%E5%8B%99%E8%B2%BB%E5%92%96%E5%95%A1%E5%BB%B3%EF%BD%9C%E5%85%AD%E6%97%A5%E9%99%90%E5%AE%9A%E6%97%A9%E5%8D%88%E9%A4%90%EF%BD%9C%E8%8A%B1%E8%97%9D/@23.8867444,115.7002064,6z/data=!4m10!1m3!11m2!2sgG_1LwZ8Se2fYnqCun_QKw!3e3!3m5!1s0x3442ab4b56f2a7fb:0x85981092e3005109!8m2!3d25.0432454!4d121.5466826!16s%2Fg%2F11vlxd7yg1?entry=ttu&g_ep=EgoyMDI1MDYwNC4wIKXMDSoASAFQAw%3D%3D"
C25度咖啡館/東區咖啡廳 不限時 早午餐 義大利麵,"4.4
(1,613)",394,https://lh3.googleusercontent.com/p/AF1QipNoWpGXKV5ZeZ27iCf3UOJxkrXSa0prMnT-8MQ2=w408-h306-k-no,23.8867444,115.7002064,"https://www.google.com/maps/place/C25%E5%BA%A6%E5%92%96%E5%95%A1%E9%A4%A8%2F%E6%9D%B1%E5%8D%80%E5%92%96%E5%95%A1%E5%BB%B3+%E4%B8%8D%E9%99%90%E6%99%82+%E6%97%A9%E5%8D%88%E9%A4%90+%E7%BE%A9%E5%A4%A7%E5%88%A9%E9%BA%B5/@23.8867444,115.7002064,6z/data=!4m10!1m3!11m2!2sgG_1LwZ8Se2fYnqCun_QKw!3e3!3m5!1s0x3442abcf790ee9c9:0x6b24599977067313!8m2!3d25.0396179!4d121.5515804!16s%2Fg%2F1tfzk0q3?entry=ttu&g_ep=EgoyMDI1MDYwNC4wIKXMDSoASAFQAw%3D%3D"
Maple Maple Café,"4.5
(622)","1,327",https://lh3.googleusercontent.com/p/AF1QipN8ZOd8eiIH-OuDCTF-HvinqTXVRpVFBL8ijFdb=w480-h240-k-no,23.8867444,115.7002064,"https://www.google.com/maps/place/Maple+Maple+Caf%C3%A9/@23.8867444,115.7002064,6z/data=!3m1!5s0x34681db79dcf6d49:0xb7819d1b757c04d!4m10!1m3!11m2!2sgG_1LwZ8Se2fYnqCun_QKw!3e3!3m5!1s0x3442aba38e29d895:0x3b5c31b8d613b13!8m2!3d25.040456!4d121.574878!16s%2Fg%2F1pzqc057_?entry=ttu&g_ep=EgoyMDI1MDYwNC4wIKXMDSoASAFQAw%3D%3D"
MOJO 1921 咖啡 | 甜點 | 下午茶 | 餐盒 | 中山站 | 不限時｜包場活動,"4.8
(401)",122,https://lh3.googleusercontent.com/gps-cs-s/AC9h4noZftNlNicv-9DUJB6VihM0Hyc_wotyh1rGbBq5wDvyOBrIbrHHFEiCYC9BWKl-9mbCm9DyBPTgY5CgrEPKrmT-s5G5uNqRrM0JFchKJKnezgx6Nt_T8MzrYniwW_0VIvmSEUD_=w408-h544-k-no,23.8867444,115.7002064,"https://www.google.com/maps/place/MOJO+1921+%E5%92%96%E5%95%A1+%7C+%E7%94%9C%E9%BB%9E+%7C+%E4%B8%8B%E5%8D%88%E8%8C%B6+%7C+%E9%A4%90%E7%9B%92+%7C+%E4%B8%AD%E5%B1%B1%E7%AB%99+%7C+%E4%B8%8D%E9%99%90%E6%99%82%EF%BD%9C%E5%8C%85%E5%A0%B4%E6%B4%BB%E5%8B%95/@23.8867444,115.7002064,6z/data=!4m10!1m3!11m2!2sgG_1LwZ8Se2fYnqCun_QKw!3e3!3m5!1s0x3442a9f11e3f9af7:0xa999a0fee6ed082e!8m2!3d25.0505778!4d121.5195215!16s%2Fg%2F11fqymtdpd?entry=ttu&g_ep=EgoyMDI1MDYwNC4wIKXMDSoASAFQAw%3D%3D"
瑤池墮宮 YCDG,"4.7
(249)","2,301",N/A,23.8867444,115.7002064,"https://www.google.com/maps/place/%E7%91%A4%E6%B1%A0%E5%A2%AE%E5%AE%AE+YCDG/@23.8867444,115.7002064,6z/data=!4m10!1m3!11m2!2sgG_1LwZ8Se2fYnqCun_QKw!3e3!3m5!1s0x3442a907dc85a649:0x7dabf8c298236135!8m2!3d25.0619896!4d121.5251147!16s%2Fg%2F11kbhbcsnq?entry=ttu&g_ep=EgoyMDI1MDYwNC4wIKXMDSoASAFQAw%3D%3D"
Binôme Café 彼儂咖啡館,"4.6
(295)",193,https://lh3.googleusercontent.com/p/AF1QipMkjO_KHeAePmd32faludZU0cMCOLGiYolaABKE=w426-h240-k-no,23.8867444,115.7002064,"https://www.google.com/maps/place/Bin%C3%B4me+Caf%C3%A9+%E5%BD%BC%E5%84%82%E5%92%96%E5%95%A1%E9%A4%A8/@23.8867444,115.7002064,6z/data=!4m10!1m3!11m2!2sgG_1LwZ8Se2fYnqCun_QKw!3e3!3m5!1s0x3442a95c076c6a4d:0x8c4203ae3d7f7257!8m2!3d25.021976!4d121.5537654!16s%2Fg%2F11fyxc85k2?entry=ttu&g_ep=EgoyMDI1MDYwNC4wIKXMDSoASAFQAw%3D%3D"
Aura微光咖啡,"4.4
(536)",99,https://lh3.googleusercontent.com/gps-cs-s/AC9h4nqmtiR9OWgMQL9gvtC6O6ZPt_th_BM24ivQggoZf0xFj5Dk4PC3Uk-bGKqsiYS9X4B0ZAamDCwrg8MyKRAH3WzR01wWKbGGpI0NZHJoE15zYaIEpZMmmacZPyjB9aN235C1jkTN=w408-h307-k-no,23.8867444,115.7002064,"https://www.google.com/maps/place/Aura%E5%BE%AE%E5%85%89%E5%92%96%E5%95%A1/@23.8867444,115.7002064,6z/data=!3m1!5s0x3442a98eb9e3caeb:0xab0afdb36fa1868e!4m10!1m3!11m2!2sgG_1LwZ8Se2fYnqCun_QKw!3e3!3m5!1s0x3442a98eba028245:0x5fc669a84a67f8b!8m2!3d25.0194571!4d121.5305872!16s%2Fg%2F1ptxs1cvx?entry=ttu&g_ep=EgoyMDI1MDYwNC4wIKXMDSoASAFQAw%3D%3D"
山海What’s Life Coffee Roasters（恕不接受五位以上內用）,"4.8
(466)",,https://lh3.googleusercontent.com/p/AF1QipNmiO8ZQ-pC5UybN2UPBP5goarYPpD9jOS5OSeK=w408-h306-k-no,23.8867444,115.7002064,"https://www.google.com/maps/place/%E5%B1%B1%E6%B5%B7What%E2%80%99s+Life+Coffee+Roasters%EF%BC%88%E6%81%95%E4%B8%8D%E6%8E%A5%E5%8F%97%E4%BA%94%E4%BD%8D%E4%BB%A5%E4%B8%8A%E5%85%A7%E7%94%A8%EF%BC%89/@23.8867444,115.7002064,6z/data=!4m10!1m3!11m2!2sgG_1LwZ8Se2fYnqCun_QKw!3e3!3m5!1s0x3442a90d1c87706d:0xbcc1dc3fa2c1aea4!8m2!3d25.0710101!4d121.5196661!16s%2Fg%2F11mbjh3g6d?entry=ttu&g_ep=EgoyMDI1MDYwNC4wIKXMDSoASAFQAw%3D%3D"
ハハ珈琲店,"4.6
(812)",668,https://lh3.googleusercontent.com/gps-cs-s/AC9h4nr5bTRWSmwu_RL_8_RMuCUTFOvCSRDYqQoMpu1wXeinNZ3wbnJBZNkBiSFED5tlqRjC0qJud_iC73xpfIoG0164_02TEPueiR1YkxbHN83lWZYbSus7wCJwS2jKNd9P6ncRvFSA4A=w408-h544-k-no,23.8867444,115.7002064,"https://www.google.com/maps/place/%E3%83%8F%E3%83%8F%E7%8F%88%E7%90%B2%E5%BA%97/@23.8867444,115.7002064,6z/data=!4m10!1m3!11m2!2sgG_1LwZ8Se2fYnqCun_QKw!3e3!3m5!1s0x3442a94ff5d6918f:0xe0c0a51143c17f2e!8m2!3d25.0677194!4d121.5244965!16s%2Fg%2F11c43c96qx?entry=ttu&g_ep=EgoyMDI1MDYwNC4wIKXMDSoASAFQAw%3D%3D"
木子咖啡 Muzi Cafe,"4.8
(393)",540,https://lh3.googleusercontent.com/p/AF1QipPONrxo45aRVtKdp_H7A9HuHVfb64XeOwgwCFnT=w408-h408-k-no,23.8867444,115.7002064,"https://www.google.com/maps/place/%E6%9C%A8%E5%AD%90%E5%92%96%E5%95%A1+Muzi+Cafe/@23.8867444,115.7002064,6z/data=!4m10!1m3!11m2!2sgG_1LwZ8Se2fYnqCun_QKw!3e3!3m5!1s0x346e1b81c9280d9b:0xc27e79d9871149a7!8m2!3d22.6255562!4d120.3482821!16s%2Fg%2F11t6wwbvk5?entry=ttu&g_ep=EgoyMDI1MDYwNC4wIKXMDSoASAFQAw%3D%3D"
點滴二三室｜COFFEE BIT BY BIT,"4.9
(182)",306,https://lh3.googleusercontent.com/p/AF1QipPgOBpmt4O7Cs-uBUe4foB-0e0wO29ITV1J2pSG=w408-h319-k-no,23.8867444,115.7002064,"https://www.google.com/maps/place/%E9%BB%9E%E6%BB%B4%E4%BA%8C%E4%B8%89%E5%AE%A4%EF%BD%9CCOFFEE+BIT+BY+BIT/@23.8867444,115.7002064,6z/data=!3m1!5s0x3442a83e0cde2ca9:0x99d37d5a2b97e900!4m10!1m3!11m2!2sgG_1LwZ8Se2fYnqCun_QKw!3e3!3m5!1s0x3442a900194ba915:0x7b3544e4c43a7729!8m2!3d25.0225759!4d121.4695591!16s%2Fg%2F11lp6clny1?entry=ttu&g_ep=EgoyMDI1MDYwNC4wIKXMDSoASAFQAw%3D%3D"
Ten Ten Den Den 點點甜甜,"4.3
(1,730)",296,https://lh3.googleusercontent.com/p/AF1QipNYkMZmSN0_J3nginhBytOYTmbn9VL_OoXww6VG=w408-h271-k-no,23.8867444,115.7002064,"https://www.google.com/maps/place/Ten+Ten+Den+Den+%E9%BB%9E%E9%BB%9E%E7%94%9C%E7%94%9C/@23.8867444,115.7002064,6z/data=!4m10!1m3!11m2!2sgG_1LwZ8Se2fYnqCun_QKw!3e3!3m5!1s0x3442a81a160431bf:0x1253b4b5e8b68236!8m2!3d25.0173549!4d121.461712!16s%2Fg%2F11c3tr8g_9?entry=ttu&g_ep=EgoyMDI1MDYwNC4wIKXMDSoASAFQAw%3D%3D"
路燈咖啡 師大店,"4.1
(891)",396,https://lh3.googleusercontent.com/p/AF1QipM8tmzUWMXaeZqZhsW4zI0mQ1m0prU0E4r8dk1J=w408-h272-k-no,23.8867444,115.7002064,"https://www.google.com/maps/place/%E8%B7%AF%E7%87%88%E5%92%96%E5%95%A1+%E5%B8%AB%E5%A4%A7%E5%BA%97/@23.8867444,115.7002064,6z/data=!4m10!1m3!11m2!2sgG_1LwZ8Se2fYnqCun_QKw!3e3!3m5!1s0x3442a98560fb737d:0xa7918fa5bf393acc!8m2!3d25.0244528!4d121.5268389!16s%2Fg%2F12m95l35c?entry=ttu&g_ep=EgoyMDI1MDYwNC4wIKXMDSoASAFQAw%3D%3D"
貳陸陸杉Space ｜新址開幕｜,"5.0
(132)",112,https://lh3.googleusercontent.com/gps-cs-s/AC9h4noPU-ukOWT1HwiIKvq1JlZXs4ig_P9pS--mGVzEZuiZzbNHROQfNT2lOfzAInWCVF__oDeRIaXYk11bO8pUgbwvcUrNhh-Pn_xtD7tRdW33rm6_Fqeenh54urQv5rZahpe8WUg=w408-h544-k-no,23.8867444,115.7002064,"https://www.google.com/maps/place/%E8%B2%B3%E9%99%B8%E9%99%B8%E6%9D%89Space+%EF%BD%9C%E6%96%B0%E5%9D%80%E9%96%8B%E5%B9%95%EF%BD%9C/@23.8867444,115.7002064,6z/data=!4m10!1m3!11m2!2sgG_1LwZ8Se2fYnqCun_QKw!3e3!3m5!1s0x346e9562ef0a1e29:0x306e8240261a71f9!8m2!3d23.4817667!4d120.460084!16s%2Fg%2F11kq4s0nwg?entry=ttu&g_ep=EgoyMDI1MDYwNC4wIKXMDSoASAFQAw%3D%3D"
Dopamine coffee 多巴胺,"4.8
(63)",103,https://lh3.googleusercontent.com/p/AF1QipOjwC1RvM2sGZmwwtLGSvVtaXp2GhdBOYGdCtll=w426-h240-k-no,23.8867444,115.7002064,"https://www.google.com/maps/place/Dopamine+coffee+%E5%A4%9A%E5%B7%B4%E8%83%BA/@23.8867444,115.7002064,6z/data=!4m10!1m3!11m2!2sgG_1LwZ8Se2fYnqCun_QKw!3e3!3m5!1s0x346e9426884fdeab:0x1a2571e8ef875a1c!8m2!3d23.4721445!4d120.4632602!16s%2Fg%2F11bv2cvbyp?entry=ttu&g_ep=EgoyMDI1MDYwNC4wIKXMDSoASAFQAw%3D%3D"
曉咖啡 嘉義店,"4.9
(89)",801,https://lh3.googleusercontent.com/gps-cs-s/AC9h4nodQ6Yxwl4SzorIHpHGYm_yCIB-qE1d5NM6XEyGuDnzOp4wSHIlzPYhb8xVjSJp2lKUky8IqUvt8-PNi3A8tVC2dwryvk_tOiKXrMYnElKGz86FTUP2tkkKxmoHVpAj_1yAO4t3=w408-h543-k-no,23.8867444,115.7002064,"https://www.google.com/maps/place/%E6%9B%89%E5%92%96%E5%95%A1+%E5%98%89%E7%BE%A9%E5%BA%97/@23.8867444,115.7002064,6z/data=!4m10!1m3!11m2!2sgG_1LwZ8Se2fYnqCun_QKw!3e3!3m5!1s0x346e951980cc5ef7:0x48ffd74ffd5d617a!8m2!3d23.4694304!4d120.4573589!16s%2Fg%2F11sbfwm2tv?entry=ttu&g_ep=EgoyMDI1MDYwNC4wIKXMDSoASAFQAw%3D%3D"
荏苒咖啡,"4.5
(466)",18,https://lh3.googleusercontent.com/p/AF1QipNEau45jcsis8RQk09LoFuHtx-E_cq94XWOcnwx=w426-h240-k-no,23.8867444,115.7002064,"https://www.google.com/maps/place/%E8%8D%8F%E8%8B%92%E5%92%96%E5%95%A1/@23.8867444,115.7002064,6z/data=!4m10!1m3!11m2!2sgG_1LwZ8Se2fYnqCun_QKw!3e3!3m5!1s0x346e95caa1ae94e5:0x6b9abc0fb6f7b684!8m2!3d23.4801299!4d120.4668976!16s%2Fg%2F11pxm94rqs?entry=ttu&g_ep=EgoyMDI1MDYwNC4wIKXMDSoASAFQAw%3D%3D"
往前咖啡製作所 / Forward Roasters,"4.5
(957)","1,197",https://lh3.googleusercontent.com/p/AF1QipPniiTMd_Y1hZzA2XHLkcaq0rOvRHxxLx2lb5hg=w408-h306-k-no,23.8867444,115.7002064,"https://www.google.com/maps/place/%E5%BE%80%E5%89%8D%E5%92%96%E5%95%A1%E8%A3%BD%E4%BD%9C%E6%89%80+%2F+Forward+Roasters/@23.8867444,115.7002064,6z/data=!4m10!1m3!11m2!2sgG_1LwZ8Se2fYnqCun_QKw!3e3!3m5!1s0x346e9432e6b4a153:0xed63b4573587582a!8m2!3d23.4841147!4d120.4496869!16s%2Fg%2F11bzt04c5r?entry=ttu&g_ep=EgoyMDI1MDYwNC4wIKXMDSoASAFQAw%3D%3D"
不只是圖書館 Not Just Library,"4.7
(520)",171,https://lh3.googleusercontent.com/p/AF1QipPDOXkuMY3iPXlv0s2HX8wtl9b3vMQIEiB9ejBB=w408-h272-k-no,23.8867444,115.7002064,"https://www.google.com/maps/place/%E4%B8%8D%E5%8F%AA%E6%98%AF%E5%9C%96%E6%9B%B8%E9%A4%A8+Not+Just+Library/@23.8867444,115.7002064,6z/data=!3m1!5s0x3442abbf5a40857f:0xd65d84e9e47fae2c!4m10!1m3!11m2!2sgG_1LwZ8Se2fYnqCun_QKw!3e3!3m5!1s0x3442abc0ac47cb37:0xe49f4ce8a9dca53d!8m2!3d25.0437756!4d121.559897!16s%2Fg%2F11cn9cj1fz?entry=ttu&g_ep=EgoyMDI1MDYwNC4wIKXMDSoASAFQAw%3D%3D"
她的咖啡 HER COFFEE,"4.8
(193)",41,https://lh3.googleusercontent.com/p/AF1QipMN9YxHi8oPQxtlq2-3HPL4KpqzD4DECbvNEUUo=w408-h306-k-no,23.8867444,115.7002064,"https://www.google.com/maps/place/%E5%A5%B9%E7%9A%84%E5%92%96%E5%95%A1+HER+COFFEE/@23.8867444,115.7002064,6z/data=!4m10!1m3!11m2!2sgG_1LwZ8Se2fYnqCun_QKw!3e3!3m5!1s0x346e953f82d28f49:0x39c0e594306f2d03!8m2!3d23.4764743!4d120.4516215!16s%2Fg%2F11syj5frjl?entry=ttu&g_ep=EgoyMDI1MDYwNC4wIKXMDSoASAFQAw%3D%3D"
明明MingMing(休假日於IG、FB專頁為主）,"5.0
(111)",801,https://lh3.googleusercontent.com/gps-cs-s/AC9h4nqweeCP83031mmnSDJ9cZ0M0LAByiWOV0EORmY8DVEICGRPnP9Hl_w0KkoZuT2Kl2RaJ2fWfIiqytsH6azZ8T7Rh23a4v8sBtk7m5QuzoQR_g44UtBY4SbCzda-l4pL7PCklGxL1A=w408-h306-k-no,23.8867444,115.7002064,"https://www.google.com/maps/place/%E6%98%8E%E6%98%8EMingMing(%E4%BC%91%E5%81%87%E6%97%A5%E6%96%BCIG%E3%80%81FB%E5%B0%88%E9%A0%81%E7%82%BA%E4%B8%BB%EF%BC%89/@23.8867444,115.7002064,6z/data=!4m10!1m3!11m2!2sgG_1LwZ8Se2fYnqCun_QKw!3e3!3m5!1s0x346e95106354a399:0xc103f8fcf1fc372!8m2!3d23.4885442!4d120.4470375!16s%2Fg%2F11tmw4grb_?entry=ttu&g_ep=EgoyMDI1MDYwNC4wIKXMDSoASAFQAw%3D%3D"
國王蝴蝶咖啡 Roicafe,"4.7
(493)",43,https://lh3.googleusercontent.com/p/AF1QipOzQOCktuB_aYkvzu_KsYnd2uuUPw-SY6vWgA-f=w408-h271-k-no,23.8867444,115.7002064,"https://www.google.com/maps/place/%E5%9C%8B%E7%8E%8B%E8%9D%B4%E8%9D%B6%E5%92%96%E5%95%A1+Roicafe/@23.8867444,115.7002064,6z/data=!3m1!5s0x346e942649d9f8d3:0x46b323b9c6296d4a!4m10!1m3!11m2!2sgG_1LwZ8Se2fYnqCun_QKw!3e3!3m5!1s0x346e9532a303a311:0x86b7b6e8a6ab6023!8m2!3d23.4759909!4d120.438864!16s%2Fg%2F11h4vjv5yj?entry=ttu&g_ep=EgoyMDI1MDYwNC4wIKXMDSoASAFQAw%3D%3D"
慕 珈琲店,"4.8
(322)",221,https://lh3.googleusercontent.com/p/AF1QipNqGzmrSYCGpEML-MNaFTsi0v7CnXCJsFJuHMHt=w408-h544-k-no,23.8867444,115.7002064,"https://www.google.com/maps/place/%E6%85%95+%E7%8F%88%E7%90%B2%E5%BA%97/@23.8867444,115.7002064,6z/data=!4m10!1m3!11m2!2sgG_1LwZ8Se2fYnqCun_QKw!3e3!3m5!1s0x346e9435192266f5:0x11a8c2674a4b1cf4!8m2!3d23.4826782!4d120.4563712!16s%2Fg%2F11f523qr7r?entry=ttu&g_ep=EgoyMDI1MDYwNC4wIKXMDSoASAFQAw%3D%3D"
二屾 Ershen,"4.7
(224)",89,https://lh3.googleusercontent.com/gps-cs-s/AC9h4noVDmo9nW0nvq97CWJw6JET6JoF6SLBl2_AkP6h6-6zs9ryzNu6UAIfuN4XdNrUEFVpEQjr6R1SR0of_BbqabjvNtrJ2Bw61sLixlHYxEVeBUH5s1q5zHZTdc5B5PkHGpFjRtqL=w408-h306-k-no,23.8867444,115.7002064,"https://www.google.com/maps/place/%E4%BA%8C%E5%B1%BE+Ershen/@23.8867444,115.7002064,6z/data=!4m10!1m3!11m2!2sgG_1LwZ8Se2fYnqCun_QKw!3e3!3m5!1s0x346e959155101ac1:0x2d06e42dc1ad1181!8m2!3d23.4774668!4d120.4525337!16s%2Fg%2F11s77krz8c?entry=ttu&g_ep=EgoyMDI1MDYwNC4wIKXMDSoASAFQAw%3D%3D"
玖CAFÉ,"4.4
(564)",89,https://lh3.googleusercontent.com/gps-cs-s/AC9h4nr9KSZ9pz5aqJ9iOtubvLSubctV_dkZw250sJGojlDp1Day65StU6o5j3u4z0elhyfedkVlUii4uV1SkrCzFhM9hoHaFKffFHvekMRIL0BiCZdIa9iB0kyGSgoeLRfaOn6GIb-MAw=w519-h240-k-no,23.8867444,115.7002064,"https://www.google.com/maps/place/%E7%8E%96CAF%C3%89/@23.8867444,115.7002064,6z/data=!4m10!1m3!11m2!2sgG_1LwZ8Se2fYnqCun_QKw!3e3!3m5!1s0x346e9438838d001b:0x91ff993ffeee3f69!8m2!3d23.4698272!4d120.4585252!16s%2Fg%2F11c1nwhx96?entry=ttu&g_ep=EgoyMDI1MDYwNC4wIKXMDSoASAFQAw%3D%3D"
BES coffee,"4.8
(292)",671,https://lh3.googleusercontent.com/gps-cs-s/AC9h4nqTAIyWAySQlMCjdMq_TPWweF4LR_4iNjjRc_lUZKh4fAR3DnKYcFWmpi8jCyx-biTYVpRqdaZCnKoZb9jL3NSKQvdIXQet7egf5JqWR5RLJE6z09aKvM6hU_pwu7CEdi1fjD-D=w408-h544-k-no,23.8867444,115.7002064,"https://www.google.com/maps/place/BES+coffee/@23.8867444,115.7002064,6z/data=!4m10!1m3!11m2!2sgG_1LwZ8Se2fYnqCun_QKw!3e3!3m5!1s0x346e942d8f3593cb:0x9418fd71ba1111af!8m2!3d23.4828878!4d120.4469231!16s%2Fg%2F11d_7vcx_1?entry=ttu&g_ep=EgoyMDI1MDYwNC4wIKXMDSoASAFQAw%3D%3D"
小口品s,"4.9
(447)",381,https://lh3.googleusercontent.com/gps-cs-s/AC9h4noeg5Bz6ha9ciIjTfNtDfupker3yT9M3JFeUgYM72lvF5ifLJrUBRnjJG7fHTECcmKTSN0r7Q-cZAbpwNAP_Ds4_Snqv-Hm_aAup7NXXgi9S672V45wITh8or45N6Yscna4doX_=w408-h306-k-no,23.8867444,115.7002064,"https://www.google.com/maps/place/%E5%B0%8F%E5%8F%A3%E5%93%81s/@23.8867444,115.7002064,6z/data=!4m10!1m3!11m2!2sgG_1LwZ8Se2fYnqCun_QKw!3e3!3m5!1s0x346e942fd586f82f:0x455e68a95e02c609!8m2!3d23.4777303!4d120.4470138!16s%2Fg%2F11b7z_ztq4?entry=ttu&g_ep=EgoyMDI1MDYwNC4wIKXMDSoASAFQAw%3D%3D"
聖塔咖啡,"4.5
(275)",42,https://lh3.googleusercontent.com/p/AF1QipP62c3_qWUcWdb1MHum72Bw0j01Llsd6RDlkaXt=w426-h240-k-no,23.8867444,115.7002064,"https://www.google.com/maps/place/%E8%81%96%E5%A1%94%E5%92%96%E5%95%A1/@23.8867444,115.7002064,6z/data=!4m10!1m3!11m2!2sgG_1LwZ8Se2fYnqCun_QKw!3e3!3m5!1s0x346e9430bcd21af9:0x26368ce6f008cd06!8m2!3d23.475162!4d120.451827!16s%2Fg%2F11bbrjg8r9?entry=ttu&g_ep=EgoyMDI1MDYwNC4wIKXMDSoASAFQAw%3D%3D"
秘書店 Meet store,"4.3
(122)","1,197",https://lh3.googleusercontent.com/p/AF1QipMAMX_ZfGYezFiTDN5B6JMLOKBgeYlHZ-8K4JPL=w408-h272-k-no,23.8867444,115.7002064,"https://www.google.com/maps/place/%E7%A7%98%E6%9B%B8%E5%BA%97+Meet+store/@23.8867444,115.7002064,6z/data=!3m1!5s0x346e94338b76e081:0xfd8ecfb5dc53a27!4m10!1m3!11m2!2sgG_1LwZ8Se2fYnqCun_QKw!3e3!3m5!1s0x346e95edc5a11785:0xc559acef1e818b5c!8m2!3d23.4811305!4d120.4527291!16s%2Fg%2F11pbcqs703?entry=ttu&g_ep=EgoyMDI1MDYwNC4wIKXMDSoASAFQAw%3D%3D"
Five Woods 五木咖啡,"4.8
(207)",345,https://lh3.googleusercontent.com/gps-cs-s/AC9h4nox6AhL80BYaRt0LCH3uSfT9rYVOiaKm1TgDxhSBP2myBHopF2SUOTMlNXMg5MtPF27TA52FeQzXwRAxxf2XlUSfbHl56WU68eWqYNNybDOeSK5yVIA5iYGWwf52Z_V7gMHHyhM=w408-h544-k-no,23.8867444,115.7002064,"https://www.google.com/maps/place/Five+Woods+%E4%BA%94%E6%9C%A8%E5%92%96%E5%95%A1/@23.8867444,115.7002064,6z/data=!3m1!5s0x346e942d9b3d98b9:0xce87a8b467f1ef77!4m10!1m3!11m2!2sgG_1LwZ8Se2fYnqCun_QKw!3e3!3m5!1s0x346e942d9b630fa7:0xb25d476cec423f55!8m2!3d23.4831551!4d120.4464573!16s%2Fg%2F11f317tn85?entry=ttu&g_ep=EgoyMDI1MDYwNC4wIKXMDSoASAFQAw%3D%3D"
嚮日咖啡 Sunward Coffee,"4.9
(126)",801,https://lh3.googleusercontent.com/p/AF1QipNkdC6H_kpXGwK6_1eVn37SHacLnPVQitZXMmOz=w408-h306-k-no,23.8867444,115.7002064,"https://www.google.com/maps/place/%E5%9A%AE%E6%97%A5%E5%92%96%E5%95%A1+Sunward+Coffee/@23.8867444,115.7002064,6z/data=!4m10!1m3!11m2!2sgG_1LwZ8Se2fYnqCun_QKw!3e3!3m5!1s0x346e95403781d6e1:0xb318e48488a2c382!8m2!3d23.4708645!4d120.4508994!16s%2Fg%2F11jslm_j9r?entry=ttu&g_ep=EgoyMDI1MDYwNC4wIKXMDSoASAFQAw%3D%3D"
suicafe隧咖啡,"4.7
(148)",447,https://lh3.googleusercontent.com/p/AF1QipNU2vg9vgFHL6kfzQaW0DHw9yNIAfNLRFcP-CYw=w426-h240-k-no,23.8867444,115.7002064,"https://www.google.com/maps/place/suicafe%E9%9A%A7%E5%92%96%E5%95%A1/@23.8867444,115.7002064,6z/data=!4m10!1m3!11m2!2sgG_1LwZ8Se2fYnqCun_QKw!3e3!3m5!1s0x346e95500f5d0d77:0xefebe376428c75e4!8m2!3d23.4775367!4d120.4523167!16s%2Fg%2F11q_kschtq?entry=ttu&g_ep=EgoyMDI1MDYwNC4wIKXMDSoASAFQAw%3D%3D"
Archers Kitchen 弓箭手,"4.6
(563)",61,https://lh3.googleusercontent.com/gps-cs-s/AC9h4nrR-C0GrSxydLzjuWhNW13nIuXnPHeQKhIptzohL8dXA0MZUyN7JGzPHbtd7XNwBV1EAg77cg36IUkPqq621Pj8r2U2-wHKk2EPPMTCD_4OBAMvxVjYor_kgt2LyOlAPlQ8p2E=w408-h306-k-no,23.8867444,115.7002064,"https://www.google.com/maps/place/Archers+Kitchen+%E5%BC%93%E7%AE%AD%E6%89%8B/@23.8867444,115.7002064,6z/data=!4m10!1m3!11m2!2sgG_1LwZ8Se2fYnqCun_QKw!3e3!3m5!1s0x346e942e656586af:0x9551eaab67acebd4!8m2!3d23.4714837!4d120.4522484!16s%2Fg%2F11hbshpj38?entry=ttu&g_ep=EgoyMDI1MDYwNC4wIKXMDSoASAFQAw%3D%3D"
Mug-up 美國時間,"4.3
(51)",801,https://lh3.googleusercontent.com/gps-cs-s/AC9h4noTuQVZZDAFoAyibePTrRQG9cjgksbt_Gv04nI7VhAsPhnxkfpChjLtf729fcKJ0WKQEBZOamY1GvPjYPQQaFbgNQmZqfzY2-gIRyKuEQ22XmPVrIbn_XNyu_K3M7dttmVvMYI=w408-h305-k-no,23.8867444,115.7002064,"https://www.google.com/maps/place/Mug-up+%E7%BE%8E%E5%9C%8B%E6%99%82%E9%96%93/@23.8867444,115.7002064,6z/data=!4m10!1m3!11m2!2sgG_1LwZ8Se2fYnqCun_QKw!3e3!3m5!1s0x346e950028239c99:0x9dcdd8593d985d55!8m2!3d23.4727365!4d120.4490025!16s%2Fg%2F11vm85b5rm?entry=ttu&g_ep=EgoyMDI1MDYwNC4wIKXMDSoASAFQAw%3D%3D"
IN COFFEE,"4.7
(802)",89,N/A,23.8867444,115.7002064,"https://www.google.com/maps/place/IN+COFFEE/@23.8867444,115.7002064,6z/data=!4m10!1m3!11m2!2sgG_1LwZ8Se2fYnqCun_QKw!3e3!3m5!1s0x346e95e56d479093:0xdfb81b75903d13bd!8m2!3d23.4768875!4d120.4476871!16s%2Fg%2F11frn5_vrl?entry=ttu&g_ep=EgoyMDI1MDYwNC4wIKXMDSoASAFQAw%3D%3D"
MIMICO COFFEE 秘密客咖啡館,"4.5
(709)",75,https://lh3.googleusercontent.com/p/AF1QipMczRebHWdiMAu58PCqCg_qUzMrgpe6R-oamD75=w426-h240-k-no,23.8867444,115.7002064,"https://www.google.com/maps/place/MIMICO+COFFEE+%E7%A7%98%E5%AF%86%E5%AE%A2%E5%92%96%E5%95%A1%E9%A4%A8/@23.8867444,115.7002064,6z/data=!4m10!1m3!11m2!2sgG_1LwZ8Se2fYnqCun_QKw!3e3!3m5!1s0x346e9426988bd085:0x25e91aa04e8f083e!8m2!3d23.4836716!4d120.4499184!16s%2Fg%2F11g_w5rkw?entry=ttu&g_ep=EgoyMDI1MDYwNC4wIKXMDSoASAFQAw%3D%3D"
藏.咖啡 嘉義中山店,"4.5
(1,198)",261,N/A,23.8867444,115.7002064,"https://www.google.com/maps/place/%E8%97%8F.%E5%92%96%E5%95%A1+%E5%98%89%E7%BE%A9%E4%B8%AD%E5%B1%B1%E5%BA%97/@23.8867444,115.7002064,6z/data=!4m10!1m3!11m2!2sgG_1LwZ8Se2fYnqCun_QKw!3e3!3m5!1s0x346e9433e99ff80d:0x1d594e9c6a39756e!8m2!3d23.4807566!4d120.4518163!16s%2Fg%2F11crydb_nf?entry=ttu&g_ep=EgoyMDI1MDYwNC4wIKXMDSoASAFQAw%3D%3D"
咖啡一派 the coffee folks,"4.8
(200)",447,https://lh3.googleusercontent.com/gps-cs-s/AC9h4npbJf-y7g7Ru_yifmkqk2Vtsk4Nm7gPA_a3txx8FAPo_zt48Nr-5Kl5LaqTeNmEZpH5GABXceJD8QD4UVTOOhIcLHhgH5zT4e-XOujUzpju5ACO5afEFFuDYdQRQF4_IkgFtL0HTg=w408-h544-k-no,23.8867444,115.7002064,"https://www.google.com/maps/place/%E5%92%96%E5%95%A1%E4%B8%80%E6%B4%BE+the+coffee+folks/@23.8867444,115.7002064,6z/data=!4m10!1m3!11m2!2sgG_1LwZ8Se2fYnqCun_QKw!3e3!3m5!1s0x346e95331dbb958b:0xea986b3b60e1d712!8m2!3d23.4757994!4d120.4434168!16s%2Fg%2F11sqtqrt17?entry=ttu&g_ep=EgoyMDI1MDYwNC4wIKXMDSoASAFQAw%3D%3D"
蕨醒咖啡,"4.7
(242)",200,https://lh3.googleusercontent.com/gps-cs-s/AC9h4nqg5QpOAmeA0T44DkVxd94US2bWgZmKLyyyENVTfvaRXt9t0DPGuFpipPI6_g-Ou-L7sFmoNJzzkpMxQbWdoBuQkpnOxum0x49op-Tuspm1oaLh7uEuGSjyTV7Ox-kdz7jLUfi1Yw=w408-h307-k-no,23.8867444,115.7002064,"https://www.google.com/maps/place/%E8%95%A8%E9%86%92%E5%92%96%E5%95%A1/@23.8867444,115.7002064,6z/data=!4m10!1m3!11m2!2sgG_1LwZ8Se2fYnqCun_QKw!3e3!3m5!1s0x346e9431fd79a23d:0xd6ec62a3a47a3059!8m2!3d23.4802811!4d120.4473881!16s%2Fg%2F11c2jl7b6f?entry=ttu&g_ep=EgoyMDI1MDYwNC4wIKXMDSoASAFQAw%3D%3D"
提娜多咖啡（早午餐/飯/麵）,"4.6
(299)",340,https://lh3.googleusercontent.com/gps-cs-s/AC9h4nrm6saT3WBfIpqPTJt4H7xevmitMrk1RuJ_Wae7_0-0MkwMcrx2OSBg1zpT8oHKKmkohBgFBYUkPMi0hFidYoYyp0nvkq9ygEhxPbCP5hhHZiCDQsyDyE14RR-HNT_bWLuE6sfe2g=w408-h306-k-no,23.8867444,115.7002064,"https://www.google.com/maps/place/%E6%8F%90%E5%A8%9C%E5%A4%9A%E5%92%96%E5%95%A1%EF%BC%88%E6%97%A9%E5%8D%88%E9%A4%90%2F%E9%A3%AF%2F%E9%BA%B5%EF%BC%89/@23.8867444,115.7002064,6z/data=!4m10!1m3!11m2!2sgG_1LwZ8Se2fYnqCun_QKw!3e3!3m5!1s0x346e94343b818099:0xb197aff21f53ad3c!8m2!3d23.4799528!4d120.4548746!16s%2Fg%2F11f3jvlwbq?entry=ttu&g_ep=EgoyMDI1MDYwNC4wIKXMDSoASAFQAw%3D%3D"
刺青大叔的料理屋｜Cafe & Curry | 咖啡·音樂·喫茶·愛情｜,"4.8
(529)","1,504",https://lh3.googleusercontent.com/p/AF1QipPelYj7WhqqnhbVKDt_r-sQmV18m5vZza9xaqkB=w408-h268-k-no,23.8867444,115.7002064,"https://www.google.com/maps/place/%E5%88%BA%E9%9D%92%E5%A4%A7%E5%8F%94%E7%9A%84%E6%96%99%E7%90%86%E5%B1%8B%EF%BD%9CCafe+%26+Curry+%7C+%E5%92%96%E5%95%A1%C2%B7%E9%9F%B3%E6%A8%82%C2%B7%E5%96%AB%E8%8C%B6%C2%B7%E6%84%9B%E6%83%85%EF%BD%9C/@23.8867444,115.7002064,6z/data=!4m10!1m3!11m2!2sgG_1LwZ8Se2fYnqCun_QKw!3e3!3m5!1s0x3442a97af295b88d:0x6a8f4727a2170f08!8m2!3d25.0551515!4d121.5126803!16s%2Fg%2F11ns4yy_vp?entry=ttu&g_ep=EgoyMDI1MDYwNC4wIKXMDSoASAFQAw%3D%3D"
93巷人文空間,"4.4
(991)",524,https://lh3.googleusercontent.com/p/AF1QipOHJ5hk3YiaHheVsc7LfhffseWDhCsELCyI7u34=w438-h240-k-no,23.8867444,115.7002064,"https://www.google.com/maps/place/93%E5%B7%B7%E4%BA%BA%E6%96%87%E7%A9%BA%E9%96%93/@23.8867444,115.7002064,6z/data=!4m10!1m3!11m2!2sgG_1LwZ8Se2fYnqCun_QKw!3e3!3m5!1s0x3442a961722cfc0b:0x10b6c51bbee07ab5!8m2!3d25.0505522!4d121.5336382!16s%2Fg%2F1tdyyn6p?entry=ttu&g_ep=EgoyMDI1MDYwNC4wIKXMDSoASAFQAw%3D%3D"
旺旺屋,"4.7
(273)",624,https://lh3.googleusercontent.com/gps-cs-s/AC9h4nrLE_4_2A-r3RMNsWISzhCD6rddxmuyZJt69QUOfaf63ZjbPsR8jUku_tKFKY_kvnbsx3wv8b4h1sMMgD4waPwnvd2BQD4wiPX36HHa5fkhnvk8OahhZfGTGwV2KD59ULEOozg=w408-h544-k-no,23.8867444,115.7002064,"https://www.google.com/maps/place/%E6%97%BA%E6%97%BA%E5%B1%8B/@23.8867444,115.7002064,6z/data=!4m10!1m3!11m2!2sgG_1LwZ8Se2fYnqCun_QKw!3e3!3m5!1s0x3442a9e65b076c63:0xef805819cd97bd03!8m2!3d25.0340107!4d121.5019048!16s%2Fg%2F11ll42m7w1?entry=ttu&g_ep=EgoyMDI1MDYwNC4wIKXMDSoASAFQAw%3D%3D"
旭舊咖啡 Shiujiou’s cafe!,"4.4
(455)",38,https://lh3.googleusercontent.com/p/AF1QipN-rJyehBmxoQrZI2gVcK712y4WORJvVrIxlIWk=w426-h240-k-no,23.8867444,115.7002064,"https://www.google.com/maps/place/%E6%97%AD%E8%88%8A%E5%92%96%E5%95%A1+Shiujiou%E2%80%99s+cafe!/@23.8867444,115.7002064,6z/data=!4m10!1m3!11m2!2sgG_1LwZ8Se2fYnqCun_QKw!3e3!3m5!1s0x3442a9646c6ea4b3:0xa5d6f3c200f11858!8m2!3d25.0128361!4d121.4706195!16s%2Fg%2F11k56gj1qy?entry=ttu&g_ep=EgoyMDI1MDYwNC4wIKXMDSoASAFQAw%3D%3D"
橡子咖啡 Nuts Cafe,"4.8
(216)",586,https://lh3.googleusercontent.com/gps-cs-s/AC9h4nq8CL0muYksKVlzP6_K6kQeBDB09jwme4kNzbfs9ux-isRpvQfUtNSmFE7UEGS64QNBv6m-m8XqGI868aKA9kZw0CX7MzrkANG6BWwkfDrD4ZIC2rfZiELLsoDflPXRpEDTONch=w408-h544-k-no,23.8867444,115.7002064,"https://www.google.com/maps/place/%E6%A9%A1%E5%AD%90%E5%92%96%E5%95%A1+Nuts+Cafe/@23.8867444,115.7002064,6z/data=!4m10!1m3!11m2!2sgG_1LwZ8Se2fYnqCun_QKw!3e3!3m5!1s0x3467e5234bb466d7:0x11365d88bc80bbb7!8m2!3d24.7464562!4d121.7520339!16s%2Fg%2F11n6tsvyqp?entry=ttu&g_ep=EgoyMDI1MDYwNC4wIKXMDSoASAFQAw%3D%3D"
1+1 Together Republic,"4.2
(330)",433,https://lh3.googleusercontent.com/p/AF1QipMpvv_iAb0StHGkrRaZK8Pzq_0GdJ8dZdNyczG9=w408-h612-k-no,23.8867444,115.7002064,"https://www.google.com/maps/place/1%2B1+Together+Republic/@23.8867444,115.7002064,6z/data=!3m1!5s0x3442a9691697f74b:0xa9da61f40b56b136!4m10!1m3!11m2!2sgG_1LwZ8Se2fYnqCun_QKw!3e3!3m5!1s0x3442a96916d0670f:0x6329816f9f084f7d!8m2!3d25.053919!4d121.521799!16s%2Fg%2F11bvcv09rp?entry=ttu&g_ep=EgoyMDI1MDYwNC4wIKXMDSoASAFQAw%3D%3D"
海倫咖啡,"4.4
(895)","2,451",https://lh3.googleusercontent.com/gps-cs-s/AC9h4noxzLgqpgoh8uLirMUllwlyFnhpkiaUP-jB7vYDeudA7AQim_JAlab3xGzimLsHUZSWFGJe-rzW5SWi8xyx_6KO04f5AxcF8A8y5J15HLbm6ySuDwW2F9Vo1akQ2xDipYhHtDF9Jw=w426-h240-k-no,23.8867444,115.7002064,"https://www.google.com/maps/place/%E6%B5%B7%E5%80%AB%E5%92%96%E5%95%A1/@23.8867444,115.7002064,6z/data=!3m1!5s0x3442a97348849f39:0x13195f74dd7cd3d2!4m10!1m3!11m2!2sgG_1LwZ8Se2fYnqCun_QKw!3e3!3m5!1s0x3442a973489d42e3:0x78441c5bf9986be7!8m2!3d25.04443!4d121.51483!16s%2Fg%2F1td4b7g2?entry=ttu&g_ep=EgoyMDI1MDYwNC4wIKXMDSoASAFQAw%3D%3D"
島,"4.9
(163)",64,https://lh3.googleusercontent.com/gps-cs-s/AC9h4no9AYNjaIX_Eetj8sWkZPfq8mHZ7aG8L8pJBvJA0k72mo2xBu7wI68U_FIEBQhGtvkbMfHjbR4Dmr6H810vz9ayPcq77dQaf-x7FywIXdzXFRs8l3M8CQ2XhnUY-jSx86j_27HScQ=w408-h612-k-no,23.8867444,115.7002064,"https://www.google.com/maps/place/%E5%B3%B6/@23.8867444,115.7002064,6z/data=!4m10!1m3!11m2!2sgG_1LwZ8Se2fYnqCun_QKw!3e3!3m5!1s0x3442a91f1006def7:0xc8d175d8208318e7!8m2!3d25.0657699!4d121.5098626!16s%2Fg%2F11sjg2yyvh?entry=ttu&g_ep=EgoyMDI1MDYwNC4wIKXMDSoASAFQAw%3D%3D"
Toyohara Coffee Roasters豐原百年老屋必喝咖啡,"4.6
(408)",221,https://lh3.googleusercontent.com/gps-cs-s/AC9h4noNMxD6LFfkG4N1oKjbJcFaqVIYiFwOhVXObTeksYaUG_UP4CuLZWnG2jKKmBHNqn7k6oj-wjzhzDCTIZzPSUrZRb-8MuRhP651V_nffkqOqdvl0P3OimJR0JaJPjXFEPpnXusr=w408-h306-k-no,23.8867444,115.7002064,"https://www.google.com/maps/place/Toyohara+Coffee+Roasters%E8%B1%90%E5%8E%9F%E7%99%BE%E5%B9%B4%E8%80%81%E5%B1%8B%E5%BF%85%E5%96%9D%E5%92%96%E5%95%A1/@23.8867444,115.7002064,6z/data=!4m10!1m3!11m2!2sgG_1LwZ8Se2fYnqCun_QKw!3e3!3m5!1s0x34691a089a346c7f:0x4f903c1de51265a2!8m2!3d24.2522327!4d120.7157175!16s%2Fg%2F11c5_h3l6j?entry=ttu&g_ep=EgoyMDI1MDYwNC4wIKXMDSoASAFQAw%3D%3D"
目覺咖啡 mezamashikohi urban,"4.4
(952)","1,155",https://lh3.googleusercontent.com/gps-cs-s/AC9h4nqWo0iHI4cgd6Kdx6Sox8lH9txKJ-qY009tt_dNT9qjvHP0pTy4SPAbr3z_Itl56U8s89i1i8ZBf9q2URhYGpHlFhe9YQKaNaxaMRBSd_hh4eo1pwJfaYYC9Z_QclBbzYMrtiiV=w408-h306-k-no,23.8867444,115.7002064,"https://www.google.com/maps/place/%E7%9B%AE%E8%A6%BA%E5%92%96%E5%95%A1+mezamashikohi+urban/@23.8867444,115.7002064,6z/data=!4m10!1m3!11m2!2sgG_1LwZ8Se2fYnqCun_QKw!3e3!3m5!1s0x34693d91f5f9c575:0x550b0e83e8c72cb7!8m2!3d24.1582715!4d120.6486841!16s%2Fg%2F1w0j1ypl?entry=ttu&g_ep=EgoyMDI1MDYwNC4wIKXMDSoASAFQAw%3D%3D"
清水散步,"4.6
(292)",79,https://lh3.googleusercontent.com/gps-cs-s/AC9h4npah0eW8wLYPNEYzBGjqNcL_IxmYoN_zvXXcY8oQsSeO2H9olszWqdr2Doc48VEuyyRP_Jxf4e-jgHq-bTWBNF4wbWIwh2YtFbpglNGWbdgNyLoxrjqM_tI5qIP22rxNI8Hvas=w408-h544-k-no,23.8867444,115.7002064,"https://www.google.com/maps/place/%E6%B8%85%E6%B0%B4%E6%95%A3%E6%AD%A5/@23.8867444,115.7002064,6z/data=!4m10!1m3!11m2!2sgG_1LwZ8Se2fYnqCun_QKw!3e3!3m5!1s0x3469147f0850b759:0x5e75014e7e6e85b8!8m2!3d24.269891!4d120.576988!16s%2Fg%2F124syq99p?entry=ttu&g_ep=EgoyMDI1MDYwNC4wIKXMDSoASAFQAw%3D%3D"
LULU's Choice 精品咖啡、鬆餅（不定期公休日請參考IG簡介）,"4.3
(384)",11,https://lh3.googleusercontent.com/p/AF1QipO33yB0WEKbemdb7mFCBg9-1OtYMh5e2n49PuyG=w426-h240-k-no,23.8867444,115.7002064,"https://www.google.com/maps/place/LULU's+Choice+%E7%B2%BE%E5%93%81%E5%92%96%E5%95%A1%E3%80%81%E9%AC%86%E9%A4%85%EF%BC%88%E4%B8%8D%E5%AE%9A%E6%9C%9F%E5%85%AC%E4%BC%91%E6%97%A5%E8%AB%8B%E5%8F%83%E8%80%83IG%E7%B0%A1%E4%BB%8B%EF%BC%89/@23.8867444,115.7002064,6z/data=!4m10!1m3!11m2!2sgG_1LwZ8Se2fYnqCun_QKw!3e3!3m5!1s0x34693dbd62e0a7af:0x30eb2edce1abefe4!8m2!3d24.1547576!4d120.6544099!16s%2Fg%2F11b6bcszn0?entry=ttu&g_ep=EgoyMDI1MDYwNC4wIKXMDSoASAFQAw%3D%3D"
Cheers Cafe 騎士咖啡,"4.9
(1,103)",1,N/A,23.8867444,115.7002064,"https://www.google.com/maps/place/Cheers+Cafe+%E9%A8%8E%E5%A3%AB%E5%92%96%E5%95%A1/@23.8867444,115.7002064,6z/data=!4m10!1m3!11m2!2sgG_1LwZ8Se2fYnqCun_QKw!3e3!3m5!1s0x34693dd9c5fe3ca3:0x416d4f508b1256b9!8m2!3d24.1390923!4d120.6233754!16s%2Fg%2F11c37zb0_p?entry=ttu&g_ep=EgoyMDI1MDYwNC4wIKXMDSoASAFQAw%3D%3D"
窩柢咖啡,"4.6
(639)","1,214",https://lh3.googleusercontent.com/p/AF1QipNuPVJ7FPw02QdwBm3wBEUhoBVVp9vaaBpj7w25=w408-h271-k-no,23.8867444,115.7002064,"https://www.google.com/maps/place/%E7%AA%A9%E6%9F%A2%E5%92%96%E5%95%A1/@23.8867444,115.7002064,6z/data=!4m10!1m3!11m2!2sgG_1LwZ8Se2fYnqCun_QKw!3e3!3m5!1s0x34693df4b8f297c5:0xb51d277122707d04!8m2!3d24.1677068!4d120.6420647!16s%2Fg%2F11gz6vybs?entry=ttu&g_ep=EgoyMDI1MDYwNC4wIKXMDSoASAFQAw%3D%3D"
Frini Café,"4.9
(1,214)",711,https://lh3.googleusercontent.com/p/AF1QipPfGgkw3p1lLPnjqYbSXwy5Pu6l9WQkt7DJUqJU=w408-h510-k-no,23.8867444,115.7002064,"https://www.google.com/maps/place/Frini+Caf%C3%A9/@23.8867444,115.7002064,6z/data=!4m10!1m3!11m2!2sgG_1LwZ8Se2fYnqCun_QKw!3e3!3m5!1s0x34691600a34ec4a5:0x37a95868cbc2235e!8m2!3d24.1807373!4d120.6205882!16s%2Fg%2F11g6wyr82x?entry=ttu&g_ep=EgoyMDI1MDYwNC4wIKXMDSoASAFQAw%3D%3D"
Caffeine Pit 咖啡因子,"4.8
(496)",161,https://lh3.googleusercontent.com/p/AF1QipORmipk9NaVct9OdLj8pBaJgjnY7yV9wG4FnGbh=w426-h240-k-no,23.8867444,115.7002064,"https://www.google.com/maps/place/Caffeine+Pit+%E5%92%96%E5%95%A1%E5%9B%A0%E5%AD%90/@23.8867444,115.7002064,6z/data=!4m10!1m3!11m2!2sgG_1LwZ8Se2fYnqCun_QKw!3e3!3m5!1s0x34693da4b65d65a3:0x5e8443365692f3f2!8m2!3d24.1410217!4d120.6549234!16s%2Fg%2F11b67lzkn2?entry=ttu&g_ep=EgoyMDI1MDYwNC4wIKXMDSoASAFQAw%3D%3D"
Ferment Café｜手沖咖啡｜手作甜點｜可頌三明治｜下午茶,"4.7
(126)",18,https://lh3.googleusercontent.com/p/AF1QipOe6qc6j-Dbii-1qVDVxec1meiFFBYPQKkV5-w=w408-h272-k-no,23.8867444,115.7002064,"https://www.google.com/maps/place/Ferment+Caf%C3%A9%EF%BD%9C%E6%89%8B%E6%B2%96%E5%92%96%E5%95%A1%EF%BD%9C%E6%89%8B%E4%BD%9C%E7%94%9C%E9%BB%9E%EF%BD%9C%E5%8F%AF%E9%A0%8C%E4%B8%89%E6%98%8E%E6%B2%BB%EF%BD%9C%E4%B8%8B%E5%8D%88%E8%8C%B6/@23.8867444,115.7002064,6z/data=!4m10!1m3!11m2!2sgG_1LwZ8Se2fYnqCun_QKw!3e3!3m5!1s0x346803c86e2d9555:0x2914b125ccb6328f!8m2!3d25.0082013!4d121.4544973!16s%2Fg%2F11vxh3dz95?entry=ttu&g_ep=EgoyMDI1MDYwNC4wIKXMDSoASAFQAw%3D%3D"
Doffee,"4.5
(219)",N/A,https://lh3.googleusercontent.com/p/AF1QipMmhC0PyYxuU1LjhRBh3UW9GpAI01tb042OMwuM=w408-h725-k-no,23.8867444,115.7002064,"https://www.google.com/maps/place/Doffee/@23.8867444,115.7002064,6z/data=!4m10!1m3!11m2!2sgG_1LwZ8Se2fYnqCun_QKw!3e3!3m5!1s0x3442a86fb4566cab:0xe05b3a409a28c309!8m2!3d25.0379701!4d121.4586228!16s%2Fg%2F11g9mmw_02?entry=ttu&g_ep=EgoyMDI1MDYwNC4wIKXMDSoASAFQAw%3D%3D"
N/A,N/A,128,N/A,23.8867444,115.7002064,"https://www.google.com/maps/place/%E6%99%82%E9%96%93%E4%B9%8B%E6%97%85+%E5%92%96%E5%95%A1%E8%B1%86%E8%87%AA%E5%AE%B6%E7%83%98%E7%84%99/@23.8867444,115.7002064,6z/data=!4m9!1m3!11m2!2sgG_1LwZ8Se2fYnqCun_QKw!3e3!3m4!1s0x3442a8c9796f582d:0x5377100f2d2a31db!8m2!3d25.0847214!4d121.4716467?entry=ttu&g_ep=EgoyMDI1MDYwNC4wIKXMDSoASAFQAw%3D%3D"
Lusabidan 咖啡烘焙所（露薩琵譚）,"4.6
(327)",119,https://lh3.googleusercontent.com/p/AF1QipORDNEH7BRy8WJduEmDbiEQSOowyglM52QTq75C=w426-h240-k-no,23.8867444,115.7002064,"https://www.google.com/maps/place/Lusabidan+%E5%92%96%E5%95%A1%E7%83%98%E7%84%99%E6%89%80%EF%BC%88%E9%9C%B2%E8%96%A9%E7%90%B5%E8%AD%9A%EF%BC%89/@23.8867444,115.7002064,6z/data=!4m10!1m3!11m2!2sgG_1LwZ8Se2fYnqCun_QKw!3e3!3m5!1s0x3442a92dfd3bce41:0xdc728fc3f2006fc1!8m2!3d25.0846558!4d121.4665099!16s%2Fg%2F11c615c68w?entry=ttu&g_ep=EgoyMDI1MDYwNC4wIKXMDSoASAFQAw%3D%3D"
兜麥咖啡 蘆洲店（寵物友善咖啡店）,"4.3
(279)","1,265",https://lh3.googleusercontent.com/p/AF1QipM1zwlzwfDEs-uXkPBY3xay46E1Omy3EeIadYXT=w426-h240-k-no,23.8867444,115.7002064,"https://www.google.com/maps/place/%E5%85%9C%E9%BA%A5%E5%92%96%E5%95%A1+%E8%98%86%E6%B4%B2%E5%BA%97%EF%BC%88%E5%AF%B5%E7%89%A9%E5%8F%8B%E5%96%84%E5%92%96%E5%95%A1%E5%BA%97%EF%BC%89/@23.8867444,115.7002064,6z/data=!4m10!1m3!11m2!2sgG_1LwZ8Se2fYnqCun_QKw!3e3!3m5!1s0x3442a8ba941bf823:0x45edc0111b4c2e25!8m2!3d25.083534!4d121.461624!16s%2Fg%2F11b6hfw0j5?entry=ttu&g_ep=EgoyMDI1MDYwNC4wIKXMDSoASAFQAw%3D%3D"
O'tree Cafe 歐樹咖啡（中山區）,"4.3
(459)",30,https://lh3.googleusercontent.com/gps-cs-s/AC9h4npcCvPZjiFHvk2tpKsaSK_akRE91mclsWodOgwo95XEMpK6ZaMaGNhbgKb3JlUv4pWZCKXfjVqqPzD2i-7ANgxYiAZAC39bSLX3_KFmsDFO0N0J_UCHhRWYXCNGgvULBczHi5mV=w408-h306-k-no,23.8867444,115.7002064,"https://www.google.com/maps/place/O'tree+Cafe+%E6%AD%90%E6%A8%B9%E5%92%96%E5%95%A1%EF%BC%88%E4%B8%AD%E5%B1%B1%E5%8D%80%EF%BC%89/@23.8867444,115.7002064,6z/data=!4m10!1m3!11m2!2sgG_1LwZ8Se2fYnqCun_QKw!3e3!3m5!1s0x3442a944a6b7c7cd:0xb20b4c69a536b7!8m2!3d25.0625144!4d121.5245474!16s%2Fg%2F11c4bffjd0?entry=ttu&g_ep=EgoyMDI1MDYwNC4wIKXMDSoASAFQAw%3D%3D"
珈啡所在 Coffee Field,"4.8
(231)",364,https://lh3.googleusercontent.com/p/AF1QipO0HiWoaLHNa_wZK1KbVRjwNGvoxkLjZApDDkjl=w408-h544-k-no,23.8867444,115.7002064,"https://www.google.com/maps/place/%E7%8F%88%E5%95%A1%E6%89%80%E5%9C%A8+Coffee+Field/@23.8867444,115.7002064,6z/data=!3m1!5s0x3442a946b14b0b61:0xaa329863d6d6220d!4m10!1m3!11m2!2sgG_1LwZ8Se2fYnqCun_QKw!3e3!3m5!1s0x3442a9a49af9e503:0x44f0611a358dbf91!8m2!3d25.0639655!4d121.5188414!16s%2Fg%2F11js25_4zd?entry=ttu&g_ep=EgoyMDI1MDYwNC4wIKXMDSoASAFQAw%3D%3D"
ㄧ五六咖啡烘焙館 / Beans & Coffee(Roasting house),"4.2
(444)",489,https://lh3.googleusercontent.com/p/AF1QipMcQb-g16DiIrCT2Ilhs-Rxhq9pO64k5pdLP4qv=w426-h240-k-no,23.8867444,115.7002064,"https://www.google.com/maps/place/%E3%84%A7%E4%BA%94%E5%85%AD%E5%92%96%E5%95%A1%E7%83%98%E7%84%99%E9%A4%A8+%2F+Beans+%26+Coffee(Roasting+house)/@23.8867444,115.7002064,6z/data=!4m10!1m3!11m2!2sgG_1LwZ8Se2fYnqCun_QKw!3e3!3m5!1s0x3442a94640c0bcc3:0x290a0cdb4339b758!8m2!3d25.0692727!4d121.5195916!16s%2Fg%2F11b7hfjldp?entry=ttu&g_ep=EgoyMDI1MDYwNC4wIKXMDSoASAFQAw%3D%3D"
Stoppage Time 補時,"4.4
(1,297)",88,https://lh3.googleusercontent.com/gps-cs-s/AC9h4npw51pEkpN51iL54iBCxOALAbq7n-IIzlfg2gtkx3rEW0f-gAjIxem3K0XzbbjPb6LM27kf88b1IV3dtwe_w9ajnM6r7-UqEjie_KjNmZ5MDEuAzcrQ5Pg2iXxB1m4yOfcRii7P=w408-h289-k-no,23.8867444,115.7002064,"https://www.google.com/maps/place/Stoppage+Time+%E8%A3%9C%E6%99%82/@23.8867444,115.7002064,6z/data=!4m10!1m3!11m2!2sgG_1LwZ8Se2fYnqCun_QKw!3e3!3m5!1s0x3442aa28d6a48c6f:0x849d7dd65a0bca9a!8m2!3d25.0232708!4d121.542277!16s%2Fg%2F11b682snxj?entry=ttu&g_ep=EgoyMDI1MDYwNC4wIKXMDSoASAFQAw%3D%3D"
Café Wanderer咖啡浪遊（店內甜點以現場販售為主，無法提前預約）,"4.4
(419)",778,https://lh3.googleusercontent.com/p/AF1QipOkexq722hDGAkPrYGBAwE-MYUb0aYSaa6KztkV=w408-h306-k-no,23.8867444,115.7002064,"https://www.google.com/maps/place/Caf%C3%A9+Wanderer%E5%92%96%E5%95%A1%E6%B5%AA%E9%81%8A%EF%BC%88%E5%BA%97%E5%85%A7%E7%94%9C%E9%BB%9E%E4%BB%A5%E7%8F%BE%E5%A0%B4%E8%B2%A9%E5%94%AE%E7%82%BA%E4%B8%BB%EF%BC%8C%E7%84%A1%E6%B3%95%E6%8F%90%E5%89%8D%E9%A0%90%E7%B4%84%EF%BC%89/@23.8867444,115.7002064,6z/data=!4m10!1m3!11m2!2sgG_1LwZ8Se2fYnqCun_QKw!3e3!3m5!1s0x3442a8165fa747ab:0x9dd3dd1d22918509!8m2!3d25.021541!4d121.465725!16s%2Fg%2F11f3_qt083?entry=ttu&g_ep=EgoyMDI1MDYwNC4wIKXMDSoASAFQAw%3D%3D"
初見咖啡_Nice To Meet You/板橋下午茶/板橋貓咪咖啡廳/板橋必吃雞蛋仔,"4.6
(169)",21,https://lh3.googleusercontent.com/p/AF1QipMdXENDvwhpQ9u9UH1VO9tM8aj2ljA4RJvfoZ_n=w408-h305-k-no,23.8867444,115.7002064,"https://www.google.com/maps/place/%E5%88%9D%E8%A6%8B%E5%92%96%E5%95%A1_Nice+To+Meet+You%2F%E6%9D%BF%E6%A9%8B%E4%B8%8B%E5%8D%88%E8%8C%B6%2F%E6%9D%BF%E6%A9%8B%E8%B2%93%E5%92%AA%E5%92%96%E5%95%A1%E5%BB%B3%2F%E6%9D%BF%E6%A9%8B%E5%BF%85%E5%90%83%E9%9B%9E%E8%9B%8B%E4%BB%94/@23.8867444,115.7002064,6z/data=!4m10!1m3!11m2!2sgG_1LwZ8Se2fYnqCun_QKw!3e3!3m5!1s0x3442a9a34749c9db:0x23cc9196fb96dd8e!8m2!3d25.0216549!4d121.461772!16s%2Fg%2F11pdy8n_q2?entry=ttu&g_ep=EgoyMDI1MDYwNC4wIKXMDSoASAFQAw%3D%3D"
陋室咖啡 ROAST COFFEE,"4.7
(223)",209,https://lh3.googleusercontent.com/gps-cs-s/AC9h4nq4eVl3oNktiBOXiPTu9hCEmfcmgaTVhT2VJrr4EiZcB3Xi8wve8m59_4M1o7RsrnNVBxH8gtQ408DvXYE4_BWE7nn3LnifRW8MvoX4q3KvK2xD79UbkN5FBKvBY4v2Kwpg_lpR=w408-h724-k-no,23.8867444,115.7002064,"https://www.google.com/maps/place/%E9%99%8B%E5%AE%A4%E5%92%96%E5%95%A1+ROAST+COFFEE/@23.8867444,115.7002064,6z/data=!4m10!1m3!11m2!2sgG_1LwZ8Se2fYnqCun_QKw!3e3!3m5!1s0x3442a814e46decc5:0x77031c49f422b197!8m2!3d25.0266825!4d121.4651885!16s%2Fg%2F11g889jrbr?entry=ttu&g_ep=EgoyMDI1MDYwNC4wIKXMDSoASAFQAw%3D%3D"
阿本紅蔘咖啡館ASPOON_ASPOON（新莊宏匯店）,"4.7
(959)",434,https://lh3.googleusercontent.com/p/AF1QipOLzww3c0ouBTz2bNNQikG7BPj0EL64uiWDljzy=w434-h240-k-no,23.8867444,115.7002064,"https://www.google.com/maps/place/%E9%98%BF%E6%9C%AC%E7%B4%85%E8%94%98%E5%92%96%E5%95%A1%E9%A4%A8ASPOON_ASPOON%EF%BC%88%E6%96%B0%E8%8E%8A%E5%AE%8F%E5%8C%AF%E5%BA%97%EF%BC%89/@23.8867444,115.7002064,6z/data=!4m10!1m3!11m2!2sgG_1LwZ8Se2fYnqCun_QKw!3e3!3m5!1s0x3442a902129dfdf7:0x7d65267c8c80194d!8m2!3d25.0593964!4d121.44924!16s%2Fg%2F11kd5zvtmb?entry=ttu&g_ep=EgoyMDI1MDYwNC4wIKXMDSoASAFQAw%3D%3D"
HWC黑沃咖啡 新北輔大店,"4.4
(221)",197,https://lh3.googleusercontent.com/p/AF1QipP5VYCJz9vlmfjnvcCbGO0Uro-93Py2tkBBJpfm=w426-h240-k-no,23.8867444,115.7002064,"https://www.google.com/maps/place/HWC%E9%BB%91%E6%B2%83%E5%92%96%E5%95%A1+%E6%96%B0%E5%8C%97%E8%BC%94%E5%A4%A7%E5%BA%97/@23.8867444,115.7002064,6z/data=!3m1!5s0x3442a7e8957848df:0x138554c72356460!4m10!1m3!11m2!2sgG_1LwZ8Se2fYnqCun_QKw!3e3!3m5!1s0x3442a74d83caf8ad:0x385f7f352235d510!8m2!3d25.0320349!4d121.4329125!16s%2Fg%2F11fb15qbqq?entry=ttu&g_ep=EgoyMDI1MDYwNC4wIKXMDSoASAFQAw%3D%3D"
林椐咖啡-新莊店(店休日依粉絲專頁公告為主),"4.8
(368)",12,https://lh3.googleusercontent.com/p/AF1QipMA98UZJ7dQYSjOc4KQ44oSW6jsmQDEEarA71Xc=w426-h240-k-no,23.8867444,115.7002064,"https://www.google.com/maps/place/%E6%9E%97%E6%A4%90%E5%92%96%E5%95%A1-%E6%96%B0%E8%8E%8A%E5%BA%97(%E5%BA%97%E4%BC%91%E6%97%A5%E4%BE%9D%E7%B2%89%E7%B5%B2%E5%B0%88%E9%A0%81%E5%85%AC%E5%91%8A%E7%82%BA%E4%B8%BB)/@23.8867444,115.7002064,6z/data=!4m10!1m3!11m2!2sgG_1LwZ8Se2fYnqCun_QKw!3e3!3m5!1s0x3442a7119deb55e7:0x2d23c1777d2ab3a8!8m2!3d25.0228427!4d121.4174515!16s%2Fg%2F11rv6bxlj5?entry=ttu&g_ep=EgoyMDI1MDYwNC4wIKXMDSoASAFQAw%3D%3D"
山林咖啡Coffee Roaster ｜自家烘焙、虹吸專門、單品拿鐵 ｜,"4.9
(324)",335,https://lh3.googleusercontent.com/gps-cs-s/AC9h4nqdCZMcVvpiNQkuEiojQaZz22MLwrgId2CO-a9iIot_mEYOAAwd5iPEYe_BBtzOTgMxLkoGdEXp8UfYgbtqF_xbDKD_HbvjllhPYzE_HBaO-MnFOeZB71eWV1was9UT53qewl3i=w426-h240-k-no,23.8867444,115.7002064,"https://www.google.com/maps/place/%E5%B1%B1%E6%9E%97%E5%92%96%E5%95%A1Coffee+Roaster+%EF%BD%9C%E8%87%AA%E5%AE%B6%E7%83%98%E7%84%99%E3%80%81%E8%99%B9%E5%90%B8%E5%B0%88%E9%96%80%E3%80%81%E5%96%AE%E5%93%81%E6%8B%BF%E9%90%B5+%EF%BD%9C/@23.8867444,115.7002064,6z/data=!3m1!5s0x3442a7f3f8160641:0xe528c360781b7dd!4m10!1m3!11m2!2sgG_1LwZ8Se2fYnqCun_QKw!3e3!3m5!1s0x3442a7deee268101:0xa4b1b1caa634de96!8m2!3d25.021354!4d121.4278!16s%2Fg%2F11qmmsg59q?entry=ttu&g_ep=EgoyMDI1MDYwNC4wIKXMDSoASAFQAw%3D%3D"
